{
  "entries": [
    {
      "item": "arsomega:demonic_crystal",
      "emc": 4194304
    },
    {
      "item": "arsomega:demonic_gem",
      "emc": 1048576
    },
    {
      "item": "minecraft:elytra{Damage:0}",
      "emc": 4194304
    },
    {
      "item": "minecraft:air",
      "emc": 0
    },
    {
      "item": "ars_nouveau:wilden_tribute",
      "emc": 4190000
    },
    {
      "item": "enigmaticlegacy:earth_heart{isTainted:0b}",
      "emc": 4190000
    },
    {
      "item": "minecraft:totem_of_undying",
      "emc": 2095000
    },
    {
      "item": "occultism:spirit_attuned_gem",
      "emc": 16384
    },
    {
      "item": "occultism:otherstone",
      "emc": 16
    },
    {
      "item": "occultism:otherworld_ashes",
      "emc": 16
    },
    {
      "item": "occultism:iesnium_ingot",
      "emc": 557056
    },
    {
      "item": "minecraft:raw_iron",
      "emc": 252
    },
    {
      "item": "occultism:raw_silver",
      "emc": 512
    },
    {
      "item": "minecraft:raw_copper",
      "emc": 128
    }
  ]
}